assay,probe,fwd,rev,target_group
VhPath,ACGGGACAAAAAGGATGGCGAGTAC,AGCCGAGCGTTACCAGC,CGAACGCAATGATTCTCTGAGC,
VmedA,ACGACCTTCCACTTCCCTTCACCA,GCTACGCCCTCCATCATCC,GCGCGTGATTATCTGATAGC,
VmProt,TCGTTCGGATGTGCTTTCTCGCT,GCGCGTGATTATCTGATAGC,CTCTGCCACTTCATTCAACG,phenotype: protective
VmSp,GCACCGCCAAAGACGTTTTGT,GGTACGTTAGCTGAGGATGG,CTGAACGACAATGCCTAACG,species: Vibrio mediterranei
VmSym,ACTGGAATTGGACATCGACACCA,TAGAAGGAGAGCTACCGACG,CCATCATCATATCCGTCCGC,phenotype: protective
VmPath,GTCTCCTATTGACCCATACGCGA,CATGCGACAATTAGACTGGC,TGACTCCGGATCCATAGACC,phenotype: pathogenic
Valg,AGCGCACAT/ZEN/CAGAAGTCGGCCA,AGAGTGGATGGGTTTGCGC,GCCTTTACCGATGTTCTTGCG,phenotype: ValgOys
VmedB,TCATCATTGCCGTCAGCCAATACGC,GATGACGACCAACTGCAACG,GAGTTTGCTTAATTCATGTGCGG,
Vaga,TGATTGCCACCCCTGCTACGGT,CAAGCCTGCATCAACTGTGG,GGCAAAGTCTCTAATCAAGTCATGG,phenotype: VagaOys
Bac16S,CGTATTACC/ZEN/GCGGCTGCTGGCAC,TCCTACGGGAGGCAGCAGT,GGACTACCAGGGTATCTAATCCTGTT,